first_name,last_name,email,password,dob_month,dob_day,dob_year,address,phone,customer_type,drivers_license_number,med_card_number,order
Samuel,Casey,samuel.casey@hod710load2.com,1234TEST,04,16,1937,in_state,4126544140,medical,22214572,82087817,3
Angela,Meghan,angela.meghan@hod710load2.com,1234TEST,05,16,1988,out_of_state,7999773415,medical,64906302,38764776,4
Brittany,Candace,brittany.candace@hod710load2.com,1234TEST,09,24,1964,in_state,7587929406,recreational,64462380,38852991,4
Allison,Colleen,allison.colleen@hod710load2.com,1234TEST,05,23,1916,out_of_state,9683941694,recreational,11393363,19139763,5
Amanda,Theresa,amanda.theresa@hod710load2.com,1234TEST,10,8,1937,out_of_state,7921812503,recreational,25483616,35861209,5
Brittany,Jasmine,brittany.jasmine@hod710load2.com,1234TEST,12,19,1924,in_state,1330559873,medical,38921675,92254915,5
Aaron,Hannah,aaron.hannah@hod710load2.com,1234TEST,07,5,1911,in_state,4006631094,recreational,50674850,51703657,4
Keith,Miguel,keith.miguel@hod710load2.com,1234TEST,01,5,1977,in_state,8361228514,recreational,89825178,69540767,2
Jesse,Luis,jesse.luis@hod710load2.com,1234TEST,09,21,1993,out_of_state,8624265000,recreational,57844641,41075099,3
Alicia,Terry,alicia.terry@hod710load2.com,1234TEST,05,2,1906,in_state,3855011707,recreational,56908897,99399270,3
Jessica,Todd,jessica.todd@hod710load2.com,1234TEST,01,18,1922,in_state,4335223691,medical,89628773,36671769,3
Bryan,Jorge,bryan.jorge@hod710load2.com,1234TEST,02,23,1991,in_state,9470307293,recreational,78674517,22704914,5
Shawn,Candace,shawn.candace@hod710load2.com,1234TEST,12,7,1964,out_of_state,1476287864,medical,99925566,81500625,3
Derek,Luis,derek.luis@hod710load2.com,1234TEST,09,18,1924,out_of_state,7921251107,medical,40151656,11811709,2
Matthew,Diana,matthew.diana@hod710load2.com,1234TEST,05,1,1939,in_state,9967086732,recreational,39236608,49069591,2
Jessica,Marissa,jessica.marissa@hod710load2.com,1234TEST,06,19,1985,out_of_state,6990053955,medical,53924115,84522663,4
Christopher,Jeremiah,christopher.jeremiah@hod710load2.com,1234TEST,11,7,1989,out_of_state,3838221691,recreational,64251724,58238506,2
Tara,Erika,tara.erika@hod710load2.com,1234TEST,05,22,1969,out_of_state,6676611772,medical,84189389,26130086,1
Sara,Todd,sara.todd@hod710load2.com,1234TEST,09,6,1985,out_of_state,3568702200,medical,70847382,91563143,4
Shannon,Randy,shannon.randy@hod710load2.com,1234TEST,04,17,1911,out_of_state,7886686141,medical,64844328,32541929,3
Robert,Veronica,robert.veronica@hod710load2.com,1234TEST,02,5,1921,out_of_state,3176104539,medical,71377259,97604989,3
Chad,Mario,chad.mario@hod710load2.com,1234TEST,06,2,1910,in_state,3341639083,recreational,98354675,69469996,5
Patrick,Veronica,patrick.veronica@hod710load2.com,1234TEST,10,8,2001,in_state,3723550923,recreational,60755383,82785123,3
Jenna,Douglas,jenna.douglas@hod710load2.com,1234TEST,11,20,1904,in_state,6036044449,recreational,74028081,28750376,3
Megan,Brooke,megan.brooke@hod710load2.com,1234TEST,08,13,1971,out_of_state,2381048098,medical,27430674,40339053,5
Brittany,Kendra,brittany.kendra@hod710load2.com,1234TEST,07,25,1933,in_state,2282461962,recreational,84036250,95956298,5
Ashley,Alex,ashley.alex@hod710load2.com,1234TEST,04,23,1995,in_state,5245730168,recreational,95522456,88220725,1
Jacob,Tabitha,jacob.tabitha@hod710load2.com,1234TEST,12,14,1913,in_state,5951406629,recreational,10671275,99691149,3
Monica,Bobby,monica.bobby@hod710load2.com,1234TEST,11,17,1954,in_state,1830063697,recreational,40756727,34378434,2
Jonathan,Seth,jonathan.seth@hod710load2.com,1234TEST,04,25,1964,out_of_state,4053326594,medical,14703854,14238723,4
Marcus,Brent,marcus.brent@hod710load2.com,1234TEST,03,23,1948,in_state,5966178166,recreational,52570494,13685309,1
Stephen,George,stephen.george@hod710load2.com,1234TEST,10,18,1904,out_of_state,6010587711,medical,68948291,43803671,3
Paul,Ashlee,paul.ashlee@hod710load2.com,1234TEST,11,13,1945,in_state,2048358760,recreational,77026319,12485340,5
Scott,Tracy,scott.tracy@hod710load2.com,1234TEST,06,10,1981,out_of_state,3351578219,recreational,93123681,79384212,5
Jesse,Dana,jesse.dana@hod710load2.com,1234TEST,01,23,1922,out_of_state,1197715143,recreational,83721443,82777247,4
Alicia,Ashlee,alicia.ashlee@hod710load2.com,1234TEST,09,10,1981,out_of_state,2724719331,recreational,41506113,92648783,3
Megan,Jonathon,megan.jonathon@hod710load2.com,1234TEST,10,19,1952,out_of_state,3439561584,recreational,45437955,11598363,3
Kristin,Garrett,kristin.garrett@hod710load2.com,1234TEST,04,9,1917,out_of_state,3004141914,medical,27648273,65087449,3
Tara,Jeremiah,tara.jeremiah@hod710load2.com,1234TEST,08,14,1952,out_of_state,6144673845,medical,82145332,42316288,3
Jordan,Mallory,jordan.mallory@hod710load2.com,1234TEST,11,16,1906,in_state,1345974261,recreational,55336880,63507519,2
Lindsay,Mario,lindsay.mario@hod710load2.com,1234TEST,07,20,1936,out_of_state,6313030937,recreational,63448849,32945306,1
Holly,Phillip,holly.phillip@hod710load2.com,1234TEST,09,10,1938,out_of_state,9687560029,recreational,59982293,93752373,3
Jonathan,Whitney,jonathan.whitney@hod710load2.com,1234TEST,10,11,1906,out_of_state,7238723993,recreational,62522547,23967181,3
Andrew,Tracy,andrew.tracy@hod710load2.com,1234TEST,03,27,1918,in_state,1772646735,medical,73587537,85735415,3
Mary,Alex,mary.alex@hod710load2.com,1234TEST,10,4,1984,in_state,4356355820,recreational,93850670,50672389,2
Courtney,Jeremiah,courtney.jeremiah@hod710load2.com,1234TEST,05,2,1999,out_of_state,3072898961,medical,51405685,92671319,4
Nathan,Douglas,nathan.douglas@hod710load2.com,1234TEST,12,5,2000,in_state,1754552802,recreational,70134732,76000314,5
Ryan,Nichole,ryan.nichole@hod710load2.com,1234TEST,02,20,1956,out_of_state,8277369633,medical,32226537,92209350,4
Amanda,Tamara,amanda.tamara@hod710load2.com,1234TEST,04,2,1916,out_of_state,7776336136,medical,15944376,22028424,3
Marcus,Terry,marcus.terry@hod710load2.com,1234TEST,02,23,1937,in_state,5482349859,medical,23078299,64264706,2
Kimberly,Lacey,kimberly.lacey@hod710load2.com,1234TEST,10,10,1915,in_state,7087393494,medical,87069488,76455496,3
Brandon,Cory,brandon.cory@hod710load2.com,1234TEST,07,21,1997,in_state,8057895263,recreational,24911456,10221447,4
Michael,Larry,michael.larry@hod710load2.com,1234TEST,06,9,1912,out_of_state,3563194304,medical,82070531,23988351,2
Zachary,Katrina,zachary.katrina@hod710load2.com,1234TEST,10,23,1984,out_of_state,2946103146,recreational,48755147,87143076,1
Julie,Kayla,julie.kayla@hod710load2.com,1234TEST,08,10,1915,out_of_state,6758959566,medical,42757147,37852066,1
Sean,Victor,sean.victor@hod710load2.com,1234TEST,11,10,1941,in_state,8989736933,medical,72887605,53254669,3
Megan,Whitney,megan.whitney@hod710load2.com,1234TEST,09,7,1953,in_state,8720449134,recreational,51816026,49608628,3
Steven,Leslie,steven.leslie@hod710load2.com,1234TEST,09,2,1939,in_state,2756081750,medical,15009038,72614599,4
Robert,Colleen,robert.colleen@hod710load2.com,1234TEST,09,18,1933,in_state,6559164483,medical,71653683,94027851,3
Jennifer,Jenny,jennifer.jenny@hod710load2.com,1234TEST,09,6,1993,in_state,9246111000,medical,99296656,66217342,4
Melissa,Deanna,melissa.deanna@hod710load2.com,1234TEST,02,3,1990,in_state,7846839185,medical,18844939,62377747,3
Juan,Pamela,juan.pamela@hod710load2.com,1234TEST,01,20,1956,in_state,4227385538,medical,54887393,18184931,4
Kristin,Dennis,kristin.dennis@hod710load2.com,1234TEST,05,12,1956,out_of_state,8228075942,medical,63041955,81691563,2
Jared,Drew,jared.drew@hod710load2.com,1234TEST,04,2,1953,out_of_state,9642996251,recreational,68885531,41918858,3
Danielle,Hannah,danielle.hannah@hod710load2.com,1234TEST,04,8,1934,in_state,2156870736,recreational,39490858,28358320,3
Bryan,Sheena,bryan.sheena@hod710load2.com,1234TEST,05,10,1962,out_of_state,7398794084,recreational,65822654,25582760,1
Laura,Nichole,laura.nichole@hod710load2.com,1234TEST,11,19,1922,out_of_state,2735873740,medical,86644239,52837570,4
Jessica,Leah,jessica.leah@hod710load2.com,1234TEST,05,23,1903,out_of_state,9665762156,recreational,14779712,85836445,4
April,Abigail,april.abigail@hod710load2.com,1234TEST,02,22,1956,in_state,3883017607,medical,17999871,64012872,1
Christopher,Alexandra,christopher.alexandra@hod710load2.com,1234TEST,02,15,1942,in_state,2830443428,medical,11570761,95893072,2
Katherine,Valerie,katherine.valerie@hod710load2.com,1234TEST,11,23,1909,out_of_state,5528152964,recreational,93022187,59299015,1
Jenna,Marissa,jenna.marissa@hod710load2.com,1234TEST,10,6,1930,in_state,7138700525,recreational,33721419,39552956,2
Jesse,Seth,jesse.seth@hod710load2.com,1234TEST,09,17,1951,out_of_state,1015288594,medical,60627897,32263725,3
Kathryn,Candace,kathryn.candace@hod710load2.com,1234TEST,03,27,1971,out_of_state,2489794702,medical,70969726,68491605,1
Marcus,Larry,marcus.larry@hod710load2.com,1234TEST,10,9,1934,in_state,8069731643,medical,79586018,37404675,1
Matthew,Meagan,matthew.meagan@hod710load2.com,1234TEST,05,26,1938,in_state,7409927489,medical,29971911,20638172,2
Juan,Phillip,juan.phillip@hod710load2.com,1234TEST,08,4,1993,out_of_state,8502829343,medical,79672983,30557985,3
Jennifer,Cynthia,jennifer.cynthia@hod710load2.com,1234TEST,09,11,1978,in_state,1956271868,recreational,43390485,33647681,4
Patrick,Alexandra,patrick.alexandra@hod710load2.com,1234TEST,09,16,1903,out_of_state,7642193379,recreational,61443025,38956876,1
Katie,Jimmy,katie.jimmy@hod710load2.com,1234TEST,09,17,1942,in_state,3741506124,medical,95938551,58201240,3
Katie,Tanya,katie.tanya@hod710load2.com,1234TEST,09,4,1966,in_state,7367415106,recreational,38962652,52491951,5
Shawn,Kelli,shawn.kelli@hod710load2.com,1234TEST,11,26,1926,in_state,9820454079,medical,31894672,40899066,3
Matthew,Meagan,matthew.meagan@hod710load2.com,1234TEST,06,8,1945,in_state,1628718498,recreational,71286108,14562316,5
Derek,Felicia,derek.felicia@hod710load2.com,1234TEST,05,25,1989,in_state,5318271915,medical,74511047,58859433,2
Matthew,Jaclyn,matthew.jaclyn@hod710load2.com,1234TEST,11,12,1901,in_state,4660143903,recreational,64318331,98894833,4
Sarah,Alexandra,sarah.alexandra@hod710load2.com,1234TEST,12,14,1939,out_of_state,5205464891,recreational,30319161,76601197,3
Alicia,Sandra,alicia.sandra@hod710load2.com,1234TEST,09,25,1906,in_state,1454319875,medical,74056319,96724476,3
Donald,Allen,donald.allen@hod710load2.com,1234TEST,12,2,1996,out_of_state,3918725710,recreational,54077644,87448438,2
Steven,Carrie,steven.carrie@hod710load2.com,1234TEST,09,1,1982,out_of_state,4830325976,medical,76083363,95180038,2
Shawn,Ross,shawn.ross@hod710load2.com,1234TEST,10,4,1996,in_state,4796210277,recreational,29774724,74414555,5
Sara,Meagan,sara.meagan@hod710load2.com,1234TEST,02,4,1946,in_state,5940431644,recreational,10209017,13045907,3
Vanessa,Jon,vanessa.jon@hod710load2.com,1234TEST,04,1,1948,out_of_state,4827493929,medical,62240860,70442082,4
Marcus,Adrian,marcus.adrian@hod710load2.com,1234TEST,10,22,1912,in_state,4869517013,medical,15928004,59242803,2
Katherine,Blake,katherine.blake@hod710load2.com,1234TEST,04,10,1929,in_state,4626370383,medical,53376206,11917712,1
Samuel,Nancy,samuel.nancy@hod710load2.com,1234TEST,01,16,1972,in_state,5079857281,recreational,96071531,54390478,2
Maria,Carolyn,maria.carolyn@hod710load2.com,1234TEST,05,23,1976,out_of_state,2011237438,medical,98363678,47754344,2
Alicia,Theresa,alicia.theresa@hod710load2.com,1234TEST,01,8,1985,in_state,5543837143,medical,86834349,18216313,1
Melissa,Meredith,melissa.meredith@hod710load2.com,1234TEST,06,18,1983,in_state,2143567347,recreational,35414322,45019964,1
Danielle,Pamela,danielle.pamela@hod710load2.com,1234TEST,01,26,1934,out_of_state,4141412316,medical,21000886,88920254,3
Mark,Molly,mark.molly@hod710load2.com,1234TEST,08,14,1927,in_state,5928520132,medical,78250956,80364173,3
Sara,Kara,sara.kara@hod710load2.com,1234TEST,04,25,1936,in_state,9134158865,recreational,23415989,62994056,3
William,Leah,william.leah@hod710load2.com,1234TEST,09,3,1906,out_of_state,7749876282,recreational,72634105,49396255,2
Julie,Adrian,julie.adrian@hod710load2.com,1234TEST,03,5,1959,in_state,7573162823,recreational,78833310,40548526,2
Juan,Cory,juan.cory@hod710load2.com,1234TEST,02,27,1943,in_state,7599037982,medical,96507112,67033687,2
Richard,Mallory,richard.mallory@hod710load2.com,1234TEST,06,15,1954,out_of_state,5366447941,medical,49541728,56584375,3
Brandon,Meagan,brandon.meagan@hod710load2.com,1234TEST,02,3,1925,out_of_state,2097866785,medical,40802701,24778454,2
Eric,Carlos,eric.carlos@hod710load2.com,1234TEST,11,5,1959,in_state,8388984687,medical,95463050,19540035,5
Stephen,Jesus,stephen.jesus@hod710load2.com,1234TEST,10,12,1982,out_of_state,2718734215,medical,53410013,73282879,4
Jonathan,Nancy,jonathan.nancy@hod710load2.com,1234TEST,02,13,1922,out_of_state,4633483971,recreational,91609588,16083944,5
Julie,Patricia,julie.patricia@hod710load2.com,1234TEST,04,20,1900,in_state,5911612565,recreational,99329297,13610821,4
William,Gary,william.gary@hod710load2.com,1234TEST,10,19,1930,out_of_state,3595233137,recreational,85296101,73741362,4
Tara,Vincent,tara.vincent@hod710load2.com,1234TEST,11,15,1962,out_of_state,4674716455,medical,83502281,69739061,3
Katie,Danny,katie.danny@hod710load2.com,1234TEST,01,25,1928,in_state,9184381131,medical,48756841,38340004,2
Amy,Karen,amy.karen@hod710load2.com,1234TEST,10,18,1954,out_of_state,1997614890,medical,30342487,30313905,2
Bryan,Tamara,bryan.tamara@hod710load2.com,1234TEST,06,10,1924,out_of_state,7742640018,medical,96795255,41238895,2
Michelle,Jonathon,michelle.jonathon@hod710load2.com,1234TEST,03,12,1958,out_of_state,2287517768,recreational,92525086,64996869,3
April,Wesley,april.wesley@hod710load2.com,1234TEST,02,17,1980,out_of_state,3689776939,medical,65793682,36216996,4
Courtney,Susan,courtney.susan@hod710load2.com,1234TEST,01,11,1949,out_of_state,4412349320,recreational,76335472,61199900,3
Kyle,Bethany,kyle.bethany@hod710load2.com,1234TEST,04,24,1913,out_of_state,9873120146,recreational,81366044,39118747,5
Christina,Nathaniel,christina.nathaniel@hod710load2.com,1234TEST,08,20,1932,out_of_state,3988132499,recreational,27805811,30204687,2
Shannon,Mario,shannon.mario@hod710load2.com,1234TEST,04,22,1989,out_of_state,2478254293,medical,30712695,85791331,3
Anthony,Allen,anthony.allen@hod710load2.com,1234TEST,11,26,1931,in_state,1461145262,medical,52257152,87943774,2
Julie,George,julie.george@hod710load2.com,1234TEST,05,5,1966,in_state,2971992651,recreational,70428821,98442498,1
Cassandra,Brenda,cassandra.brenda@hod710load2.com,1234TEST,08,4,1907,out_of_state,6923385273,recreational,34759818,48735950,3
Keith,Lee,keith.lee@hod710load2.com,1234TEST,10,7,1982,in_state,1783500078,medical,36253164,54768837,2
Sean,Teresa,sean.teresa@hod710load2.com,1234TEST,03,25,1945,out_of_state,3317370583,medical,53757097,39438411,2
Amber,Erika,amber.erika@hod710load2.com,1234TEST,01,22,1981,out_of_state,6533188782,recreational,72680506,12554475,4
Monica,Hannah,monica.hannah@hod710load2.com,1234TEST,11,13,1930,out_of_state,8175578758,recreational,28777836,14508890,3
Jonathan,Gina,jonathan.gina@hod710load2.com,1234TEST,12,13,1904,in_state,8541909946,recreational,24188727,38952555,5
Gregory,Brooke,gregory.brooke@hod710load2.com,1234TEST,07,22,1910,in_state,3571400981,recreational,43185101,37848241,3
Donald,Karen,donald.karen@hod710load2.com,1234TEST,10,23,1938,out_of_state,4998344996,medical,67270116,44400860,2
Lindsay,George,lindsay.george@hod710load2.com,1234TEST,03,5,1946,out_of_state,9880994829,recreational,87444378,76785795,5
Emily,Johnny,emily.johnny@hod710load2.com,1234TEST,01,4,1951,in_state,9636780421,recreational,51758871,86684294,3
Jordan,Pamela,jordan.pamela@hod710load2.com,1234TEST,10,7,1992,in_state,8945607936,medical,98901019,24724734,3
Courtney,Caleb,courtney.caleb@hod710load2.com,1234TEST,06,20,1965,in_state,9640244124,recreational,28895544,98667812,3
Juan,Dominique,juan.dominique@hod710load2.com,1234TEST,01,12,2001,out_of_state,8536710140,recreational,52768858,57613036,4
Gregory,Danny,gregory.danny@hod710load2.com,1234TEST,01,11,1936,out_of_state,3997939768,recreational,71979193,80841541,3
Joseph,Meredith,joseph.meredith@hod710load2.com,1234TEST,12,18,1967,out_of_state,7744613761,recreational,71468207,52158391,4
Allison,Latoya,allison.latoya@hod710load2.com,1234TEST,08,14,1993,in_state,1926888181,medical,57674589,16235218,2
Rachel,Candice,rachel.candice@hod710load2.com,1234TEST,02,6,1941,in_state,3196315846,recreational,76909946,40455564,2
Thomas,Nathaniel,thomas.nathaniel@hod710load2.com,1234TEST,01,2,1904,in_state,9634601881,recreational,63442276,14192047,4
Michael,Dana,michael.dana@hod710load2.com,1234TEST,03,23,1996,out_of_state,5349312140,recreational,32383916,12115763,5
Nicole,Desiree,nicole.desiree@hod710load2.com,1234TEST,08,17,1937,in_state,6524563683,medical,50051609,51694683,4
Vanessa,Evan,vanessa.evan@hod710load2.com,1234TEST,03,8,1956,in_state,8572519608,recreational,47735044,35034790,1
Kevin,Shane,kevin.shane@hod710load2.com,1234TEST,01,20,1999,in_state,7504429523,recreational,40660538,26691592,3
Victoria,Jimmy,victoria.jimmy@hod710load2.com,1234TEST,05,15,1909,out_of_state,1208665076,medical,67142641,74346305,5
Allison,George,allison.george@hod710load2.com,1234TEST,05,7,1921,in_state,9876570334,recreational,86971723,49494829,1
Jeremy,Vincent,jeremy.vincent@hod710load2.com,1234TEST,09,25,1965,in_state,7288233855,medical,12480522,83896236,2
Lindsay,Frank,lindsay.frank@hod710load2.com,1234TEST,07,7,1999,in_state,4103237625,medical,53004324,92656121,5
Erin,Valerie,erin.valerie@hod710load2.com,1234TEST,06,14,1939,in_state,6335046855,medical,94633425,79542728,2